"pk","status_code"
"2029820469",200
"2042100348",200
"2038100445",200
"2027740614",200
"2039370550",200
"2036430472",200
"2036430481",200
"2035650443",200
"2029840461",200
"2035750406",200
"2033380659",200
"2032670476",200
"2032870772",200
"2034520515",200
"2037400851",200
"2037360546",200
"2037310378",200
"2032920866",200
"2034390371",200
"2034120739",200
"2039510180",200
"2041200577",200
"2037100555",200
"2032310388",200
"2038140720",200
"2041110325",200
"2034020357",200
"2036330446",200
"2036270625",200
